City_ID,City,Latitude,Longitude,Max_Temperature,Humidity,Pressure,Cloudiness,Wind Speed,Country,Date
0,dwarka,22.2394,68.9678,84.42,85.0,1004.0,1.0,16.26,IN,1717254534.0
1,blackmans bay,-43.0167,147.3167,44.73,86.0,1026.0,5.0,5.01,AU,1717254534.0
2,bethel,41.3712,-73.414,76.98,47.0,1020.0,0.0,5.75,US,1717254316.0
3,opole,50.5,18.0,71.08,54.0,1009.0,32.0,10.56,PL,1717254535.0
4,longyearbyen,78.2186,15.6401,37.24,87.0,1015.0,100.0,2.3,SJ,1717254535.0
5,adamstown,-25.066,-130.1015,69.28,68.0,1014.0,100.0,8.7,PN,1717254535.0
6,isafjordur,66.0755,-23.124,51.84,37.0,1007.0,0.0,12.66,IS,1717254535.0
7,taiohae,,,,,,,,,
8,wailua homesteads,22.0669,-159.378,72.39,87.0,1019.0,75.0,16.11,US,1717254536.0
9,sitka,57.0531,-135.33,48.09,81.0,1007.0,100.0,3.44,US,1717254536.0
10,chachapoyas,-6.2317,-77.869,65.89,54.0,1019.0,25.0,2.53,PE,1717254536.0
11,suizhou,31.7111,113.3631,72.48,72.0,1013.0,100.0,2.59,CN,1717254537.0
12,marsaskala,,,,,,,,,
13,anadyr,64.75,177.4833,37.9,64.0,1014.0,0.0,2.24,RU,1717254537.0
14,tindouf,27.6711,-8.1474,94.86,18.0,1006.0,0.0,10.63,DZ,1717254538.0
15,iquique,-20.2208,-70.1431,67.78,67.0,1014.0,36.0,6.64,CL,1717254521.0
16,saldanha,-33.0117,17.9442,62.65,72.0,1019.0,0.0,11.21,ZA,1717254286.0
17,al hazm,16.1641,44.7769,97.47,9.0,1006.0,86.0,14.45,YE,1717254538.0
18,hommersak,58.9317,5.8511,63.37,68.0,1021.0,75.0,24.16,NO,1717254539.0
19,port-aux-francais,-49.35,70.2167,37.45,72.0,986.0,32.0,43.71,TF,1717254539.0
20,grytviken,-54.2811,-36.5092,24.94,79.0,997.0,26.0,10.83,GS,1717254539.0
21,puerto natales,-51.7236,-72.4875,34.25,93.0,1014.0,75.0,5.75,CL,1717254339.0
22,talnakh,69.4865,88.3972,28.2,99.0,1006.0,100.0,3.18,RU,1717254540.0
23,waitangi,-43.9535,-176.5597,52.83,84.0,1010.0,100.0,11.01,NZ,1717254209.0
24,tiksi,71.6872,128.8694,32.45,82.0,1025.0,99.0,4.97,RU,1717254540.0
25,badger,64.8,-147.5333,57.7,61.0,998.0,0.0,4.61,US,1717254540.0
26,ocean pointe,,,,,,,,,
27,avarua,-21.2078,-159.775,69.85,73.0,1016.0,40.0,2.3,CK,1717254541.0
28,hawaiian paradise park,19.5933,-154.9731,70.03,96.0,1018.0,40.0,1.01,US,1717254541.0
29,bardai,11.65,7.2333,96.03,30.0,1009.0,8.0,1.66,NG,1717254542.0
30,mrakovo,52.7161,56.6244,68.74,77.0,1019.0,3.0,3.24,RU,1717254542.0
31,papatowai,-46.5619,169.4708,47.86,68.0,1021.0,37.0,18.23,NZ,1717254543.0
32,tual,-5.6667,132.75,82.29,80.0,1011.0,97.0,22.82,ID,1717254543.0
33,terrace,54.5163,-128.6035,51.22,100.0,1011.0,100.0,2.3,CA,1717254544.0
34,dryden,49.7833,-92.7503,59.29,55.0,1009.0,100.0,6.91,CA,1717254332.0
35,mukalla,14.5425,49.1242,87.06,74.0,1006.0,26.0,4.23,YE,1717254544.0
36,college,64.8569,-147.8028,57.79,61.0,998.0,75.0,4.61,US,1717254402.0
37,jamestown,42.097,-79.2353,71.02,38.0,1023.0,0.0,4.61,US,1717254545.0
38,caleta de carquin,-11.0925,-77.6267,66.6,74.0,1013.0,41.0,8.21,PE,1717254545.0
39,korla,41.7597,86.1469,66.88,47.0,1016.0,0.0,9.1,CN,1717254545.0
40,greymouth,-42.4667,171.2,51.28,95.0,1024.0,99.0,1.01,NZ,1717254546.0
41,bilibino,68.0546,166.4372,32.02,80.0,1022.0,90.0,5.37,RU,1717254209.0
42,washington,47.5001,-120.5015,57.92,58.0,1011.0,100.0,3.47,US,1717254008.0
43,puerto san carlos,,,,,,,,,
44,fortuna,40.5982,-124.1573,53.92,87.0,1017.0,98.0,3.44,US,1717254547.0
45,iskateley,67.6803,53.1512,34.02,93.0,1022.0,98.0,7.0,RU,1717254547.0
46,novaya lyalya,59.055,60.599,60.53,45.0,1018.0,47.0,8.25,RU,1717254547.0
47,saipan,15.1355,145.701,77.7,94.0,1011.0,100.0,6.91,MP,1717254548.0
48,karratha,-20.7377,116.8463,74.89,77.0,1016.0,52.0,6.46,AU,1717254548.0
49,bestobe,52.4994,73.0975,58.39,50.0,1017.0,37.0,2.48,KZ,1717254548.0
50,puerto ayora,-0.7393,-90.3518,73.54,89.0,1011.0,95.0,3.0,EC,1717254548.0
51,pervari,37.9357,42.5493,75.15,40.0,1016.0,0.0,5.48,TR,1717254549.0
52,laojunmiao,39.8333,97.7333,60.35,26.0,1016.0,100.0,8.21,CN,1717254549.0
53,yellowknife,62.456,-114.3525,44.42,77.0,1010.0,100.0,15.01,CA,1717254405.0
54,point pedro,9.8167,80.2333,80.6,83.0,1006.0,91.0,12.93,LK,1717254550.0
55,kandyagash,49.4744,57.4233,79.39,37.0,1018.0,75.0,8.41,KZ,1717254550.0
56,mermoz boabab,14.7065,-17.4758,82.96,77.0,1014.0,36.0,15.88,SN,1717254550.0
57,constantia,44.1833,28.65,86.7,71.0,1015.0,11.0,20.22,RO,1717254491.0
58,kadi,23.3,72.3333,94.86,41.0,1003.0,0.0,10.22,IN,1717254551.0
59,albany,42.6001,-73.9662,74.64,46.0,1021.0,3.0,1.01,US,1717254213.0
60,hermanus,-34.4187,19.2345,54.81,80.0,1020.0,36.0,16.26,ZA,1717254282.0
61,sudzha,51.1976,35.2726,70.72,73.0,1016.0,100.0,3.89,RU,1717254551.0
62,ushuaia,-54.8,-68.3,35.22,93.0,1014.0,64.0,1.5,AR,1717254552.0
63,port lincoln,-34.7333,135.8667,54.45,69.0,1029.0,0.0,10.33,AU,1717254396.0
64,aweil,8.7682,27.4002,100.0,28.0,1005.0,51.0,3.38,SS,1717254552.0
65,presidencia de la plaza,-27.0015,-59.8424,74.48,53.0,1016.0,100.0,9.44,AR,1717254553.0
66,uturoa,-16.7333,-151.4333,79.36,72.0,1013.0,27.0,6.38,PF,1717254553.0
67,laguna salada,19.6483,-71.0945,86.83,79.0,1014.0,85.0,5.01,DO,1717254553.0
68,kingston,17.997,-76.7936,88.75,58.0,1012.0,75.0,8.05,JM,1717254290.0
69,ilulissat,69.2167,-51.1,28.22,62.0,1014.0,100.0,1.21,GL,1717254554.0
70,whitehorse,60.7161,-135.0538,48.81,71.0,1004.0,75.0,12.66,CA,1717254554.0
71,keflavik,64.0049,-22.5624,48.63,87.0,1011.0,75.0,20.71,IS,1717254554.0
72,alajarvi,63.0,23.8167,73.78,55.0,1014.0,73.0,5.68,FI,1717254554.0
73,la passe,45.5549,-0.8967,67.01,68.0,1021.0,89.0,12.84,FR,1717254555.0
74,norilsk,69.3535,88.2027,28.42,99.0,1006.0,100.0,2.75,RU,1717254555.0
75,edinburgh of the seven seas,-37.0676,-12.3116,60.8,97.0,1016.0,74.0,14.32,SH,1717254555.0
76,patzcuaro,19.5167,-101.6,70.5,44.0,1015.0,100.0,1.95,MX,1717254555.0
77,kish,26.5578,54.0194,89.15,63.0,1002.0,0.0,15.9,IR,1717254556.0
78,lihue,21.9789,-159.3672,72.99,83.0,1019.0,75.0,16.11,US,1717254487.0
79,invercargill,-46.4,168.35,49.01,75.0,1024.0,72.0,15.99,NZ,1717254556.0
80,tazovsky,67.4667,78.7,30.78,98.0,998.0,100.0,13.2,RU,1717254556.0
81,pyapon,16.2833,95.6833,78.49,91.0,1009.0,99.0,4.83,MM,1717254557.0
82,flying fish cove,-10.4217,105.6791,78.48,94.0,1016.0,75.0,0.0,CX,1717254557.0
83,nemuro,43.3236,145.575,43.29,74.0,1015.0,4.0,5.66,JP,1717254557.0
84,tsiombe,-25.3,45.4833,71.31,59.0,1018.0,0.0,5.59,MG,1717254557.0
85,olonkinbyen,70.9221,-8.7187,34.61,93.0,1008.0,100.0,13.13,SJ,1717254212.0
86,marks,51.7111,46.7486,78.17,38.0,1012.0,100.0,12.68,RU,1717254558.0
87,ribeira grande,38.5167,-28.7,68.4,77.0,1015.0,40.0,13.0,PT,1717254558.0
88,port saint john's,-31.6229,29.5448,67.35,88.0,1018.0,53.0,10.78,ZA,1717254559.0
89,zeya,53.75,127.2667,65.48,45.0,1010.0,8.0,6.6,RU,1717254559.0
90,nishinoomote,30.7333,131.0,71.47,76.0,1009.0,73.0,21.47,JP,1717254559.0
91,antigonish,45.6169,-61.9986,55.15,76.0,1016.0,38.0,5.99,CA,1717254559.0
92,newman,37.3138,-121.0208,70.03,65.0,1010.0,0.0,7.0,US,1717254560.0
93,baoshan,46.5586,131.4244,51.17,95.0,1012.0,94.0,3.29,CN,1717254560.0
94,brigantine,39.4101,-74.3646,81.19,33.0,1023.0,0.0,8.05,US,1717254560.0
95,visby,57.6409,18.296,71.82,73.0,1012.0,100.0,8.05,SE,1717254561.0
96,la ronge,55.1001,-105.2842,38.39,88.0,1002.0,100.0,15.57,CA,1717254501.0
97,kamina,-8.7386,24.9906,82.22,43.0,1011.0,50.0,4.09,CD,1717254278.0
98,prainha,-1.8,-53.48,79.25,94.0,1014.0,64.0,3.38,BR,1717254341.0
99,stanley,54.868,-1.6985,61.52,64.0,1028.0,20.0,6.91,GB,1717254562.0
100,vorgashor,67.5833,63.95,29.8,95.0,1016.0,99.0,13.31,RU,1717254562.0
101,linxia chengguanzhen,35.6003,103.2064,51.98,81.0,1015.0,100.0,3.13,CN,1717254562.0
102,tabou,4.423,-7.3528,78.17,91.0,1013.0,100.0,10.65,CI,1717254291.0
103,tralee,52.2704,-9.7026,62.85,63.0,1031.0,0.0,9.22,IE,1717254540.0
104,arraial do cabo,-22.9661,-42.0278,76.86,61.0,1026.0,75.0,9.22,BR,1717254563.0
105,praia da vitoria,38.7333,-27.0667,71.76,83.0,1016.0,100.0,14.72,PT,1717254550.0
106,nar'yan-mar,67.6713,53.087,34.11,93.0,1022.0,99.0,7.0,RU,1717254563.0
107,ialibu,-6.2821,143.9935,60.12,99.0,1015.0,99.0,0.98,PG,1717254564.0
108,puerto baquerizo moreno,-0.9,-89.6,77.99,69.0,1010.0,20.0,11.5,EC,1717254564.0
109,kualakapuas,-3.0091,114.3876,76.24,98.0,1011.0,99.0,1.72,ID,1717254564.0
110,barclayville,4.6797,-8.2339,80.98,84.0,1013.0,100.0,8.1,LR,1717254565.0
111,iqaluit,63.7506,-68.5145,29.7,63.0,1013.0,8.0,5.99,CA,1717254555.0
112,atafu village,-8.5421,-172.5159,83.57,74.0,1010.0,100.0,6.29,TK,1717254565.0
113,shohimardon,39.9839,71.8028,75.97,51.0,1020.0,7.0,1.99,UZ,1717254565.0
114,carnarvon,-24.8667,113.6333,73.17,80.0,1014.0,78.0,19.84,AU,1717254360.0
115,utrik,11.2278,169.8474,82.45,82.0,1010.0,99.0,16.24,MH,1717254566.0
116,quellon,-43.1167,-73.6167,43.34,92.0,1012.0,100.0,12.75,CL,1717254566.0
117,villamontes,-21.25,-63.5,73.4,39.0,1013.0,6.0,2.33,BO,1717254293.0
118,baise city,23.8997,106.6133,77.74,90.0,1009.0,16.0,2.01,CN,1717254567.0
119,tarakan,3.3,117.6333,80.1,94.0,1011.0,40.0,3.44,ID,1717254406.0
120,margaret river,-33.95,115.0667,60.42,95.0,1001.0,100.0,27.29,AU,1717254567.0
121,udachny,66.4167,112.4,49.44,56.0,1018.0,43.0,15.7,RU,1717254568.0
122,ternate,0.8,127.4,80.92,82.0,1011.0,47.0,3.87,ID,1717254568.0
123,hamilton,39.1834,-84.5333,76.96,55.0,1019.0,40.0,10.36,US,1717254494.0
124,bayanhongor,46.7167,100.1167,46.76,50.0,1016.0,8.0,5.77,MN,1717254568.0
125,nuuk,64.1835,-51.7216,34.41,80.0,1013.0,100.0,9.22,GL,1717254569.0
126,kailua-kona,19.6406,-155.9956,75.16,88.0,1018.0,100.0,6.91,US,1717254444.0
127,jiayuguan,39.8167,98.3,63.93,24.0,1014.0,100.0,5.28,CN,1717254569.0
128,dudinka,69.4058,86.1778,28.67,94.0,1005.0,99.0,24.0,RU,1717254569.0
129,lacin,40.7702,34.8984,78.42,40.0,1020.0,15.0,2.35,TR,1717254570.0
130,ludres,48.6218,6.1618,65.32,65.0,1017.0,75.0,14.97,FR,1717254570.0
131,bengkulu,-3.8004,102.2655,79.72,86.0,1013.0,100.0,3.27,ID,1717254570.0
132,outapi,,,,,,,,,
133,durres,41.3231,19.4414,75.38,66.0,1018.0,91.0,7.67,AL,1717254571.0
134,guercif,34.2257,-3.3536,88.68,32.0,1009.0,18.0,16.2,MA,1717254571.0
135,port mathurin,-19.6833,63.4167,76.53,64.0,1020.0,19.0,22.82,MU,1717254571.0
136,dul'durga,50.6761,113.5931,59.2,35.0,1016.0,84.0,3.33,RU,1717254571.0
137,surab,28.4914,66.2585,81.28,9.0,1008.0,0.0,13.85,PK,1717254572.0
138,sao vicente,-23.9631,-46.3919,79.27,56.0,1024.0,5.0,1.99,BR,1717254572.0
139,i-n-salah,27.1935,2.4607,106.66,6.0,1005.0,99.0,17.98,DZ,1717254572.0
140,kalmunai,7.4167,81.8167,83.77,82.0,1006.0,98.0,9.31,LK,1717254572.0
141,tulnici,45.9167,26.6667,77.54,43.0,1013.0,63.0,10.49,RO,1717254573.0
142,afaahiti,-17.75,-149.2833,71.47,71.0,1013.0,65.0,4.34,PF,1717254573.0
143,eyl,7.9803,49.8164,84.22,67.0,1007.0,40.0,26.96,SO,1717254573.0
144,bredasdorp,-34.5322,20.0403,54.34,94.0,1019.0,99.0,13.53,ZA,1717254503.0
145,sastobe,42.55,70.0,84.09,37.0,1014.0,0.0,3.67,KZ,1717254574.0
146,jumla,29.2747,82.1838,56.44,46.0,1015.0,66.0,3.44,NP,1717254574.0
147,val-d'or,48.1002,-77.7828,69.89,40.0,1019.0,75.0,5.75,CA,1717254380.0
148,lerwick,60.1545,-1.1494,55.4,68.0,1027.0,22.0,13.82,GB,1717254575.0
149,coquimbo,-29.9533,-71.3436,69.98,62.0,988.0,100.0,3.0,CL,1717254539.0
150,kone,-21.0595,164.8658,70.97,84.0,1018.0,92.0,6.51,NC,1717254575.0
151,dongola,19.1667,30.4833,105.6,6.0,1007.0,5.0,23.78,SD,1717254575.0
152,kzyltu,53.6364,72.3414,58.28,51.0,1016.0,75.0,7.54,KZ,1717254576.0
153,kabwe,-14.4469,28.4464,81.21,29.0,1012.0,14.0,1.48,ZM,1717254576.0
154,ocean city,39.2776,-74.5746,81.18,37.0,1021.0,0.0,5.01,US,1717254576.0
155,belmonte,-15.8631,-38.8828,76.57,85.0,1021.0,23.0,11.54,BR,1717254576.0
156,richards bay,-28.783,32.0377,71.24,83.0,1015.0,9.0,7.29,ZA,1717254577.0
157,saint-juery,43.9488,2.2103,68.56,67.0,1017.0,41.0,10.63,FR,1717254577.0
158,port elizabeth,-33.918,25.5701,59.29,94.0,1024.0,75.0,10.36,ZA,1717254211.0
159,berlin,52.5244,13.4105,82.08,57.0,997.0,20.0,14.0,DE,1717254317.0
160,mildura,-34.2,142.15,44.08,84.0,1027.0,5.0,9.62,AU,1717254578.0
161,champerico,14.3,-91.9167,84.52,71.0,1011.0,85.0,6.64,GT,1717254578.0
162,zyryanovsk,49.7386,84.2719,52.14,62.0,1018.0,99.0,0.81,KZ,1717254578.0
163,suva,-18.1416,178.4415,74.68,83.0,1016.0,75.0,10.36,FJ,1717254368.0
164,juneau,58.3019,-134.4197,48.2,93.0,1008.0,100.0,14.97,US,1717254546.0
165,pekanbaru,0.5333,101.45,80.92,94.0,1011.0,20.0,0.0,ID,1717254579.0
166,chadron,42.8294,-102.9999,60.55,86.0,1015.0,100.0,4.0,US,1717254579.0
167,lezignan-corbieres,43.1976,2.7614,76.46,38.0,1014.0,5.0,10.0,FR,1717254532.0
168,priob'ye,62.5206,65.5964,60.03,41.0,1014.0,2.0,13.49,RU,1717254580.0
169,klyuchi,52.2667,79.1667,54.3,53.0,1020.0,71.0,7.38,RU,1717254580.0
170,sao felix do xingu,-6.6447,-51.995,90.19,41.0,1014.0,54.0,4.94,BR,1717254580.0
171,punta arenas,-53.15,-70.9167,33.91,93.0,1013.0,20.0,3.44,CL,1717254581.0
172,lata,40.1629,-8.3327,92.48,29.0,1012.0,0.0,10.04,PT,1717254581.0
173,thompson,55.7435,-97.8558,50.16,71.0,996.0,75.0,13.8,CA,1717254170.0
174,aasiaat,68.7098,-52.8699,29.93,69.0,1014.0,100.0,4.07,GL,1717254581.0
175,huangmei,30.1924,116.025,70.09,76.0,1013.0,100.0,4.85,CN,1717254582.0
176,aykhal,66.0,111.5,41.72,67.0,1019.0,44.0,14.67,RU,1717254582.0
177,barra dos coqueiros,-10.9089,-37.0386,82.42,83.0,1017.0,75.0,11.5,BR,1717254582.0
178,inarajan village,13.2736,144.7484,81.57,93.0,1010.0,59.0,5.14,GU,1717254583.0
179,aswan,24.0934,32.907,105.28,6.0,1007.0,0.0,16.28,EG,1717254583.0
180,hithadhoo,-0.6,73.0833,85.17,74.0,1012.0,100.0,17.54,MV,1717254583.0
181,yomju-up,39.8933,124.5981,55.69,82.0,1012.0,12.0,4.9,KP,1717254583.0
182,neiafu,-18.65,-173.9833,74.35,84.0,1016.0,100.0,18.79,TO,1717254584.0
183,arno,60.1167,18.6333,60.1,65.0,1015.0,72.0,8.61,SE,1717254584.0
184,tura,25.5198,90.2201,76.3,93.0,1005.0,1.0,5.03,IN,1717254584.0
185,fale old settlement,-9.3852,-171.2468,82.67,74.0,1011.0,89.0,4.54,TK,1717254585.0
186,remire-montjoly,4.9167,-52.2667,84.24,89.0,1014.0,75.0,3.44,GF,1717254585.0
187,luderitz,-26.6481,15.1594,57.74,63.0,1018.0,6.0,14.2,,1717254585.0
188,codrington,-38.2667,141.9667,49.46,70.0,1028.0,85.0,0.51,AU,1717254585.0
189,kununurra,-15.7667,128.7333,73.38,73.0,1018.0,100.0,10.36,AU,1717254586.0
190,weno,7.4515,151.8468,83.21,76.0,1009.0,100.0,9.98,FM,1717254586.0
191,santa cruz,-17.8,-63.1667,80.06,65.0,1016.0,20.0,18.41,BO,1717254586.0
192,kodiak,57.79,-152.4072,44.11,93.0,997.0,100.0,11.5,US,1717254586.0
193,ormond-by-the-sea,29.3491,-81.0665,84.07,50.0,1022.0,40.0,12.66,US,1717254587.0
194,st. john's,47.5649,-52.7093,49.28,97.0,1013.0,100.0,4.61,CA,1717254287.0
195,gamay,12.3854,125.2979,79.32,91.0,1011.0,99.0,3.94,PH,1717254587.0
196,mar del plata,-38.0023,-57.5575,60.1,91.0,1011.0,100.0,11.01,AR,1717254412.0
197,souillac,-20.5167,57.5167,75.58,73.0,1020.0,40.0,11.5,MU,1717254588.0
198,fonadhoo,,,,,,,,,
199,klaksvik,62.2266,-6.589,52.72,79.0,1023.0,99.0,15.43,FO,1717254588.0
200,wotho,10.1657,166.0102,82.58,77.0,1010.0,98.0,12.95,MH,1717254589.0
201,ancud,-41.8697,-73.8203,46.58,83.0,1015.0,100.0,22.15,CL,1717254589.0
202,ba,,,,,,,,,
203,tolanaro,-25.0319,46.9987,70.57,84.0,1019.0,0.0,8.14,MG,1717254590.0
204,dangriga,16.9692,-88.2321,83.19,82.0,1014.0,100.0,14.18,BZ,1717254590.0
205,masterton,-40.9597,175.6575,54.88,89.0,1020.0,58.0,0.96,NZ,1717254590.0
206,port glaud,,,,,,,,,
207,angaur state,6.906,134.13,83.98,77.0,1010.0,99.0,4.7,PW,1717254591.0
208,ketchikan,55.3422,-131.6461,48.67,93.0,1011.0,100.0,9.22,US,1717254384.0
209,west island,-12.1568,96.8225,80.58,89.0,1014.0,100.0,14.97,CC,1717254591.0
210,shiyan,32.6475,110.7781,71.55,58.0,1014.0,100.0,1.68,CN,1717254591.0
211,guichon,-32.35,-57.2,63.25,77.0,1016.0,85.0,9.48,UY,1717254592.0
212,bonthe,7.5264,-12.505,84.6,72.0,1013.0,77.0,10.96,SL,1717254592.0
213,halifax,44.6453,-63.5724,57.49,67.0,1016.0,75.0,16.11,CA,1717254315.0
214,san andres,12.5847,-81.7006,80.62,94.0,1011.0,75.0,11.5,CO,1717254592.0
215,susuman,62.7833,148.1667,34.99,89.0,1025.0,97.0,7.0,RU,1717254593.0
216,kapuskasing,49.4169,-82.4331,62.15,74.0,1015.0,100.0,4.25,CA,1717254593.0
217,ishigaki,24.3448,124.1572,79.47,90.0,1011.0,100.0,5.08,JP,1717254593.0
218,kataragama,,,,,,,,,
219,lake charles,30.2131,-93.2044,86.0,87.0,1015.0,75.0,5.75,US,1717254594.0
220,maceio,-9.6658,-35.7353,85.44,89.0,1017.0,75.0,8.05,BR,1717254443.0
221,sisimiut,66.9395,-53.6735,30.94,77.0,1014.0,99.0,4.88,GL,1717254594.0
222,qacha's nek,-30.1154,28.6894,55.18,40.0,1016.0,70.0,1.61,LS,1717254595.0
223,'ohonua,,,,,,,,,
224,xining,36.6167,101.7667,56.19,69.0,1015.0,100.0,2.75,CN,1717254595.0
225,baharly,38.4362,57.4316,93.9,8.0,1010.0,0.0,16.22,TM,1717254595.0
226,golere,16.2557,-14.1017,100.83,13.0,1010.0,0.0,11.07,SN,1717254596.0
227,grand falls-windsor,48.9332,-55.6649,41.54,96.0,1018.0,100.0,11.95,CA,1717254596.0
228,saint-felix-de-valois,46.1668,-73.4324,76.24,68.0,1015.0,8.0,4.0,CA,1717254596.0
229,miahuatlan de porfirio diaz,16.3333,-96.6,76.03,54.0,1015.0,92.0,6.15,MX,1717254596.0
230,zastron,-30.3023,27.084,61.68,30.0,1013.0,86.0,9.15,ZA,1717254597.0
231,beckley,37.7782,-81.1882,71.49,41.0,1024.0,100.0,7.0,US,1717254002.0
232,al karamah,31.9522,35.5792,99.23,22.0,1014.0,0.0,13.44,JO,1717254597.0
233,zhangye,38.9342,100.4517,69.93,25.0,1013.0,100.0,5.55,CN,1717254598.0
234,muroto-misakicho,33.2833,134.15,70.0,68.0,1008.0,79.0,3.22,JP,1717254598.0
235,vadso,70.0744,29.7487,49.08,87.0,1018.0,75.0,4.61,NO,1717254598.0
236,saint-junien,45.8833,0.9,62.85,68.0,1020.0,96.0,8.14,FR,1717254598.0
237,joao pinheiro,-17.7425,-46.1725,78.75,41.0,1021.0,0.0,9.55,BR,1717254599.0
238,petropavlovsk-kamchatsky,53.0452,158.6483,41.45,95.0,1013.0,88.0,11.01,RU,1717254599.0
239,nadi,-17.8,177.4167,73.4,78.0,1016.0,20.0,6.91,FJ,1717254599.0
240,shingu,33.7333,135.9833,61.16,86.0,1009.0,28.0,3.27,JP,1717254600.0
241,hasaki,35.7333,140.8333,63.28,79.0,1010.0,100.0,12.84,JP,1717254600.0
242,bamboo flat,11.7,92.7167,80.69,83.0,1009.0,40.0,2.3,IN,1717254600.0
243,robertsport,6.7533,-11.3686,83.03,76.0,1013.0,87.0,10.07,LR,1717254600.0
244,mil'kovo,55.6078,37.7956,86.14,51.0,1014.0,95.0,11.3,RU,1717254601.0
245,georgetown,5.4112,100.3354,82.33,89.0,1011.0,40.0,5.01,MY,1717254331.0
246,new norfolk,-42.7826,147.0587,45.91,89.0,1029.0,5.0,2.95,AU,1717254601.0
247,celestun,20.8667,-90.4,89.17,57.0,1013.0,8.0,7.67,MX,1717254601.0
248,rio grande,-32.035,-52.0986,66.31,76.0,1019.0,100.0,12.17,BR,1717254349.0
249,winnemucca,40.973,-117.7357,60.85,31.0,1014.0,0.0,0.0,US,1717254602.0
250,howrah,22.5892,88.3103,87.8,84.0,1006.0,75.0,6.91,IN,1717254603.0
251,bartica,6.4,-58.6167,82.72,83.0,1014.0,80.0,3.11,GY,1717254603.0
252,warrenton,-28.114,24.8475,72.23,22.0,1010.0,15.0,16.33,ZA,1717254229.0
253,carnot,4.9409,15.8665,87.44,54.0,1008.0,90.0,1.12,CF,1717254310.0
254,sept-iles,50.2001,-66.3821,55.06,63.0,1020.0,1.0,5.99,CA,1717254604.0
255,lamu,-2.2717,40.902,79.52,86.0,1013.0,98.0,13.8,KE,1717254604.0
256,mount gambier,-37.8333,140.7667,44.98,87.0,1029.0,17.0,1.05,AU,1717254605.0
257,tranovaho,,,,,,,,,
258,mascote,-15.5631,-39.3025,74.46,94.0,1021.0,58.0,4.76,BR,1717254605.0
259,shenjiamen,29.9576,122.298,66.42,90.0,1015.0,100.0,6.6,CN,1717254605.0
260,rongelap,11.1635,166.8941,82.17,82.0,1010.0,84.0,11.63,MH,1717254606.0
261,hammerfest,70.6634,23.6821,46.85,93.0,1020.0,100.0,5.75,NO,1717254606.0
262,glenvale,-27.5648,151.9076,49.87,96.0,1019.0,100.0,4.0,AU,1717254606.0
263,staraya kulatka,52.7167,47.6167,73.71,63.0,1015.0,100.0,13.76,RU,1717254607.0
264,bubaque,11.2833,-15.8333,79.05,74.0,1014.0,21.0,9.35,GW,1717254607.0
265,roxas,11.5853,122.7511,83.14,79.0,1011.0,22.0,7.99,PH,1717254607.0
266,vangaindrano,-23.35,47.6,71.08,85.0,1020.0,0.0,6.87,MG,1717254607.0
267,palpala,-24.2565,-65.2116,72.86,28.0,1013.0,0.0,3.51,AR,1717254608.0
268,padam,,,,,,,,,
269,alotau,,,,,,,,,
270,namibe,-15.1961,12.1522,70.83,61.0,1015.0,0.0,11.16,AO,1717254608.0
271,praia,14.9215,-23.5087,82.94,47.0,1015.0,20.0,14.97,CV,1717254609.0
272,auki,-8.7676,160.7034,76.89,92.0,1010.0,100.0,3.29,SB,1717254609.0
273,little cayman,,,,,,,,,
274,senador jose porfirio,-2.5908,-51.9542,81.09,79.0,1014.0,99.0,2.82,BR,1717254610.0
275,boortmeerbeek,50.9793,4.5744,62.13,88.0,1026.0,100.0,9.22,BE,1717254610.0
276,port alfred,-33.5906,26.891,59.18,100.0,1019.0,100.0,8.99,ZA,1717254610.0
277,mahina,-17.5065,-149.489,73.17,83.0,1012.0,0.0,3.44,PF,1717254610.0
278,vilyuysk,63.7553,121.6247,64.0,55.0,1017.0,84.0,4.0,RU,1717254583.0
279,katsuren-haebaru,26.3369,127.8719,73.42,97.0,1011.0,100.0,6.91,JP,1717254611.0
280,sarkand,45.41,79.9186,64.72,46.0,1017.0,83.0,5.21,KZ,1717254611.0
281,belyy yar,53.6039,91.3903,48.09,66.0,1020.0,0.0,4.47,RU,1717254611.0
282,beytussebap,37.5694,43.1681,64.0,44.0,1017.0,0.0,5.23,TR,1717254612.0
283,zonguldak,41.25,31.8333,76.98,53.0,1019.0,1.0,4.18,TR,1717254612.0
284,glace bay,46.1969,-59.957,53.78,90.0,1015.0,100.0,16.11,CA,1717254612.0
285,san lawrenz,36.0553,14.204,76.86,76.0,1012.0,7.0,14.79,MT,1717254612.0
286,punta del este,-34.9667,-54.95,62.71,87.0,1014.0,100.0,10.36,UY,1717254381.0
287,pisco,-13.7,-76.2167,64.45,72.0,1012.0,20.0,5.75,PE,1717254613.0
288,bathsheba,13.2167,-59.5167,86.61,79.0,1014.0,75.0,20.71,BB,1717254613.0
289,tadine,-21.55,167.8833,71.96,81.0,1019.0,41.0,17.0,NC,1717254613.0
290,sipalay,9.75,122.5,82.44,71.0,1011.0,100.0,3.98,PH,1717254614.0
291,sagua la grande,22.8067,-80.0756,86.99,49.0,1016.0,1.0,15.35,CU,1717254614.0
292,manuel ojinaga,,,,,,,,,
293,coswig,51.1333,13.5833,69.75,87.0,1010.0,20.0,8.05,DE,1717254615.0
294,guerrero negro,27.9769,-114.0611,61.86,73.0,1014.0,100.0,15.64,MX,1717254615.0
295,calama,-22.4667,-68.9333,71.55,3.0,1015.0,1.0,5.55,CL,1717254615.0
296,piat,17.7905,121.478,81.14,84.0,1012.0,91.0,2.46,PH,1717254615.0
297,al burayqah,30.4062,19.5739,91.18,34.0,1011.0,31.0,15.35,LY,1717254616.0
298,floriano,-6.7669,-43.0225,94.6,32.0,1014.0,11.0,9.8,BR,1717254431.0
299,uray,60.1247,64.7758,59.88,29.0,1017.0,1.0,8.01,RU,1717254616.0
300,daru,-9.0763,143.2092,78.66,85.0,1012.0,90.0,15.79,PG,1717254616.0
301,toccoa,34.5773,-83.3324,74.16,53.0,1025.0,100.0,5.75,US,1717254488.0
302,miramichi,47.0043,-65.4654,54.23,57.0,1020.0,91.0,10.04,CA,1717254617.0
303,san antonio de pale,-1.4014,5.6325,80.28,72.0,1013.0,92.0,9.42,GQ,1717254617.0
304,chonchi,-42.6128,-73.8092,43.12,94.0,1013.0,100.0,7.38,CL,1717254617.0
305,dombarovskiy,50.7587,59.5386,69.01,59.0,1018.0,48.0,8.01,RU,1717254618.0
306,villa regina,-39.1,-67.0667,54.66,33.0,1015.0,0.0,25.08,AR,1717254618.0
307,buka,40.8108,69.1986,78.96,18.0,1012.0,0.0,3.69,UZ,1717254619.0
308,alice springs,-23.7,133.8833,42.35,93.0,1025.0,0.0,0.0,AU,1717254619.0
309,mugia,43.1041,-9.2179,65.91,67.0,1018.0,3.0,30.15,ES,1717254619.0
310,kavaratti,10.5669,72.642,84.0,84.0,1008.0,100.0,18.34,IN,1717254620.0
311,lompoc,34.6391,-120.4579,53.78,83.0,1013.0,75.0,4.61,US,1717254409.0
312,novo aripuana,-5.1206,-60.3797,92.23,49.0,1013.0,6.0,2.15,BR,1717254620.0
313,chudovo,59.1167,31.6833,61.02,92.0,1017.0,96.0,8.97,RU,1717254620.0
314,kingscliff,-28.2667,153.5667,59.77,100.0,1015.0,75.0,0.0,AU,1717254621.0
315,chibougamau,49.9168,-74.3659,70.02,48.0,1016.0,100.0,5.68,CA,1717254621.0
316,besbes,36.7022,7.8472,73.24,64.0,1014.0,40.0,18.41,DZ,1717254621.0
317,ust-nera,64.5667,143.2,41.79,51.0,1026.0,14.0,3.02,RU,1717254622.0
318,ende,-8.8432,121.6623,74.75,92.0,1013.0,18.0,3.4,ID,1717254622.0
319,porto velho,-8.7619,-63.9039,84.25,61.0,1015.0,0.0,3.44,BR,1717254598.0
320,conduaga,8.862,117.4893,82.06,77.0,1011.0,100.0,2.21,PH,1717254622.0
321,pangoa,-12.1167,-73.0,76.98,64.0,1018.0,47.0,2.64,PE,1717254623.0
322,ixtapa,20.7,-105.2,79.83,74.0,1011.0,0.0,0.0,MX,1717254623.0
323,isoka,-10.1606,32.6335,71.47,54.0,1015.0,8.0,3.33,ZM,1717254623.0
324,portland,45.5234,-122.6762,62.1,72.0,1015.0,75.0,6.91,US,1717254483.0
325,inhambane,-23.865,35.3833,76.21,70.0,1015.0,3.0,10.69,MZ,1717254624.0
326,laguna,38.421,-121.4238,71.08,64.0,1010.0,0.0,10.36,US,1717254624.0
327,camacupa,-12.0167,17.4833,83.01,14.0,1011.0,8.0,6.89,AO,1717254407.0
328,troitsk,54.0979,61.5773,59.59,55.0,1019.0,0.0,8.32,RU,1717254625.0
329,sogndal,61.2283,7.1003,70.18,59.0,1019.0,97.0,12.66,NO,1717254625.0
330,sayansk,54.1088,102.1648,42.94,88.0,1024.0,100.0,7.02,RU,1717254625.0
331,nova vicosa,-17.8919,-39.3719,77.05,78.0,1022.0,6.0,12.5,BR,1717254625.0
332,dhromolaxia,34.8755,33.5868,88.84,52.0,1017.0,0.0,11.5,CY,1717254465.0
333,boa vista,2.8197,-60.6733,80.58,78.0,1015.0,75.0,8.05,BR,1717254626.0
334,paragominas,-2.9667,-47.4833,89.47,55.0,1013.0,75.0,5.91,BR,1717254626.0
335,camana,-16.6228,-72.7111,67.82,69.0,1014.0,53.0,9.1,PE,1717254626.0
336,porto novo,6.4965,2.6036,88.36,59.0,1012.0,57.0,9.6,BJ,1717254594.0
337,lebu,-37.6167,-73.65,50.77,69.0,1022.0,61.0,2.15,CL,1717254627.0
338,vernon,50.2581,-119.2691,56.61,72.0,1009.0,100.0,1.99,CA,1717254627.0
339,vingt cinq,,,,,,,,,
340,sao joao da barra,-21.6403,-41.0511,75.29,60.0,1025.0,9.0,7.7,BR,1717254375.0
341,yicheng,31.3705,119.8703,68.59,67.0,1015.0,98.0,10.47,CN,1717254628.0
342,leava,-14.3,-178.1667,82.33,68.0,1012.0,90.0,24.83,WF,1717254628.0
343,hafar al-batin,28.4328,45.9708,108.18,8.0,1009.0,0.0,16.11,SA,1717254629.0
344,ocumare del tuy,10.1165,-66.7761,92.1,61.0,1014.0,47.0,3.38,VE,1717254629.0
345,labrador city,52.9463,-66.9114,59.99,44.0,1018.0,16.0,4.92,CA,1717254610.0
346,ebon,4.582,168.6964,83.66,77.0,1009.0,23.0,13.65,MH,1717254630.0
347,malvan,16.0667,73.4667,85.93,80.0,1007.0,0.0,10.71,IN,1717254368.0
348,egilsstadir,65.2653,-14.3948,60.71,48.0,1008.0,75.0,20.71,IS,1717254630.0
349,mirny,62.5353,113.9611,57.24,75.0,1016.0,96.0,5.01,RU,1717254630.0
350,kerikeri,-35.2268,173.9474,50.59,80.0,1029.0,100.0,4.56,NZ,1717254548.0
351,mata-utu,-13.2816,-176.1745,81.46,80.0,1012.0,92.0,22.19,WF,1717254631.0
352,mogadishu,2.0371,45.3438,80.6,84.0,1012.0,91.0,17.52,SO,1717254631.0
353,lufkin,31.3382,-94.7291,80.83,78.0,1016.0,0.0,3.44,US,1717254377.0
354,walvis bay,-22.9575,14.5053,60.1,55.0,1018.0,0.0,19.6,,1717254632.0
355,zarasai,55.7333,26.25,69.39,79.0,1012.0,28.0,6.17,LT,1717254632.0
356,port augusta,-32.5,137.7667,47.44,63.0,1028.0,0.0,5.37,AU,1717254632.0
357,pasighat,28.0667,95.3333,76.28,91.0,1007.0,1.0,5.82,IN,1717254632.0
358,kurumkan,54.3,110.3,60.13,69.0,1017.0,42.0,5.01,RU,1717254633.0
359,akdepe,42.0551,59.3788,91.49,11.0,1014.0,97.0,9.48,TM,1717254633.0
360,qaqortoq,60.7167,-46.0333,36.12,87.0,1018.0,62.0,14.09,GL,1717254633.0
361,saint-philippe,-21.3585,55.7679,72.99,72.0,1022.0,45.0,12.59,RE,1717254634.0
362,opuwo,-18.0607,13.84,76.12,18.0,1012.0,0.0,12.46,,1717254634.0
363,whakatane,-37.9585,176.9854,52.88,98.0,1022.0,100.0,5.23,NZ,1717254634.0
364,midvagur,62.0511,-7.1939,52.63,87.0,1023.0,100.0,8.05,FO,1717254634.0
365,phenix city,32.471,-85.0008,70.38,82.0,1022.0,100.0,6.91,US,1717254358.0
366,luwuk,-0.9516,122.7875,75.15,92.0,1013.0,100.0,3.67,ID,1717254635.0
367,yangor,,,,,,,,,
368,mersing,2.4312,103.8405,77.68,90.0,1012.0,100.0,6.2,MY,1717254635.0
369,hayma',,,,,,,,,
370,tommot,58.9564,126.2925,56.93,74.0,1016.0,4.0,1.3,RU,1717254636.0
371,alto barinas,8.5931,-70.2261,81.23,80.0,1014.0,69.0,6.51,VE,1717254636.0
372,sandnessjoen,66.0217,12.6316,59.52,95.0,1022.0,99.0,7.38,NO,1717254637.0
373,porkhov,57.765,29.5561,69.94,77.0,1014.0,99.0,5.1,RU,1717254637.0
374,toga village,,,,,,,,,
375,itapecerica,-20.4725,-45.1256,71.19,47.0,1024.0,0.0,6.85,BR,1717254637.0
376,la'ie,21.6477,-157.9253,75.16,78.0,1018.0,14.0,11.01,US,1717254638.0
377,beyneu,45.3167,55.2,90.39,10.0,1015.0,100.0,4.9,KZ,1717254638.0
378,buraydah,26.326,43.975,106.25,8.0,1007.0,3.0,14.99,SA,1717254354.0
379,likiep,9.8251,169.3107,82.92,77.0,1010.0,90.0,14.65,MH,1717254638.0
380,savanna-la-mar,18.219,-78.1332,87.93,75.0,1014.0,100.0,2.04,JM,1717254639.0
381,fortaleza,-3.7227,-38.5247,87.93,79.0,1013.0,75.0,14.97,BR,1717254526.0
382,kulia village,,,,,,,,,
383,hadibu,12.65,54.0333,85.28,74.0,1007.0,7.0,5.28,YE,1717254640.0
384,terekeka,,,,,,,,,
385,bom jesus,-9.0744,-44.3586,93.2,29.0,1015.0,2.0,8.63,BR,1717254640.0
386,nova sintra,14.8667,-24.7167,75.04,75.0,1016.0,0.0,17.52,CV,1717254640.0
387,zambezi,-13.5432,23.1047,86.0,19.0,1011.0,92.0,6.58,ZM,1717254641.0
388,novyy urengoy,66.0833,76.6333,28.08,89.0,1004.0,79.0,17.92,RU,1717254641.0
389,correntina,-13.3433,-44.6367,84.43,36.0,1018.0,0.0,10.96,BR,1717254641.0
390,ingeniero jacobacci,-41.3427,-69.5448,38.46,54.0,1015.0,0.0,22.12,AR,1717254641.0
391,arteche,12.2645,125.4048,81.34,86.0,1011.0,100.0,4.65,PH,1717254642.0
392,pasuquin,18.3328,120.6177,83.98,80.0,1012.0,19.0,5.39,PH,1717254642.0
393,lorengau,-2.0226,147.2712,81.68,78.0,1010.0,42.0,3.22,PG,1717254642.0
394,cannonvale,-20.2833,148.7,70.99,91.0,1016.0,75.0,5.03,AU,1717254642.0
395,smithers,54.7804,-127.1743,48.61,75.0,1010.0,86.0,2.04,CA,1717254643.0
396,happy valley-goose bay,53.3168,-60.3315,61.84,36.0,1020.0,0.0,3.36,CA,1717254643.0
397,christchurch,-43.5333,172.6333,49.32,79.0,1030.0,100.0,4.61,NZ,1717254643.0
398,holualoa,19.6228,-155.9522,71.44,88.0,1019.0,100.0,6.91,US,1717254644.0
399,victoria,22.2855,114.1577,79.25,93.0,1011.0,100.0,15.99,HK,1717254466.0
400,galliano,29.4422,-90.2992,89.01,70.0,1017.0,40.0,10.36,US,1717254555.0
401,nevada,39.2502,-116.7512,59.58,22.0,1009.0,5.0,0.69,US,1717254644.0
402,mount isa,-20.7333,139.5,53.37,66.0,1022.0,0.0,9.22,AU,1717254645.0
403,gadzhiyevo,69.2551,33.3362,44.19,92.0,1018.0,100.0,8.7,RU,1717254645.0
404,nuku'alofa,-21.1333,-175.2,74.28,67.0,1020.0,47.0,22.19,TO,1717254645.0
405,baganga,7.5739,126.56,79.41,88.0,1012.0,45.0,3.11,PH,1717254646.0
406,castillos,-34.1667,-53.8333,56.52,86.0,1016.0,100.0,7.47,UY,1717254646.0
407,cestos city,5.46,-9.5828,83.14,76.0,1013.0,51.0,8.88,LR,1717254646.0
408,chililabombwe,-12.3648,27.8229,77.85,43.0,1013.0,54.0,3.13,ZM,1717254646.0
409,hengyang,26.8881,112.615,69.91,91.0,1011.0,100.0,7.54,CN,1717254647.0
410,enewetak,11.3474,162.3373,81.99,81.0,1010.0,99.0,13.53,MH,1717254647.0
411,alaghsas,17.0187,8.0168,106.29,15.0,1008.0,4.0,10.2,NE,1717254567.0
412,el daein,,,,,,,,,
413,fiuggi,41.7986,13.2203,76.24,65.0,1015.0,7.0,5.5,IT,1717254648.0
414,saidpur,25.7777,88.8917,83.95,79.0,1003.0,37.0,8.3,BD,1717254648.0
415,yuzhno-kurilsk,44.0306,145.8556,43.38,76.0,1014.0,0.0,4.43,RU,1717254648.0
416,haiku-pauwela,20.9219,-156.3051,72.05,86.0,1017.0,40.0,13.8,US,1717254648.0
417,fomboni,-12.28,43.7425,81.21,75.0,1015.0,25.0,9.62,KM,1717254649.0
418,as sulayyil,20.4607,45.5779,109.65,5.0,1004.0,80.0,14.94,SA,1717254649.0
419,kruisfontein,-34.0033,24.7314,56.88,93.0,1022.0,100.0,18.66,ZA,1717254649.0
420,queenstown,-31.8976,26.8753,54.0,80.0,1018.0,94.0,5.35,ZA,1717254650.0
421,harstad,68.799,16.5293,54.79,97.0,1018.0,99.0,3.0,NO,1717254650.0
422,shahrak,34.1074,64.3052,64.47,21.0,1015.0,0.0,5.75,AF,1717254650.0
423,vorkuta,67.5,64.0,30.11,95.0,1014.0,100.0,15.99,RU,1717254650.0
424,mammoth lakes,37.6485,-118.9721,55.35,38.0,1010.0,0.0,4.0,US,1717254351.0
425,archangelos,36.2149,28.1149,82.38,52.0,1018.0,0.0,5.77,GR,1717254651.0
426,san rafael del sur,11.8485,-86.4384,83.01,69.0,1011.0,100.0,9.06,NI,1717254651.0
427,hauterive,46.0901,3.4459,64.76,69.0,1018.0,86.0,10.09,FR,1717254651.0
428,kolonia town,6.964,158.206,77.0,100.0,1011.0,75.0,0.0,FM,1717254652.0
429,banda aceh,5.5577,95.3222,83.86,64.0,1012.0,100.0,6.62,ID,1717254456.0
430,yarmouth,41.7057,-70.2286,76.14,63.0,1019.0,0.0,9.22,US,1717254652.0
431,itanhaem,-24.1831,-46.7889,73.18,58.0,1024.0,4.0,5.48,BR,1717254652.0
432,constitucion,-35.3333,-72.4167,59.25,76.0,1020.0,63.0,7.47,CL,1717254617.0
433,tahe,52.3333,124.7333,58.77,55.0,1011.0,17.0,3.74,CN,1717254653.0
434,alberton,46.8168,-64.0654,50.13,77.0,1019.0,99.0,18.7,CA,1717254653.0
435,coronel dorrego,-38.7187,-61.2873,58.91,47.0,1011.0,31.0,18.32,AR,1717254653.0
436,vilyuchinsk,52.9306,158.4028,42.93,89.0,1014.0,96.0,3.0,RU,1717254654.0
437,fuvahmulah,,,,,,,,,
438,kushnarenkovo,55.105,55.3508,66.36,71.0,1020.0,100.0,4.27,RU,1717254654.0
439,tofol,5.3248,163.0078,83.32,78.0,1009.0,97.0,10.78,FM,1717254654.0
440,sai kung,22.3822,114.2728,79.11,94.0,1007.0,100.0,7.0,CN,1717254655.0
441,alzamay,55.5562,98.6644,41.74,75.0,1024.0,29.0,3.78,RU,1717254655.0
442,pimentel,-6.8367,-79.9342,64.69,82.0,1013.0,100.0,1.14,PE,1717254655.0
443,fort bragg,35.139,-79.006,77.68,44.0,1025.0,0.0,5.75,US,1717254655.0
444,cabo san lucas,22.8909,-109.9124,82.62,58.0,1007.0,20.0,4.61,MX,1717254656.0
445,strezhevoy,60.7333,77.5889,43.97,57.0,1015.0,55.0,8.99,RU,1717254656.0
446,enshi,30.3,109.4833,69.39,74.0,1014.0,100.0,2.24,CN,1717254656.0
447,mhamid,29.82,-5.72,103.53,6.0,1002.0,8.0,9.84,MA,1717254657.0
448,chandler,33.3062,-111.8412,89.92,16.0,1009.0,0.0,8.05,US,1717254657.0
449,ola,59.5833,151.2833,42.13,83.0,1018.0,68.0,6.02,RU,1717254657.0
450,imbituba,-28.24,-48.6703,69.85,64.0,1022.0,70.0,13.49,BR,1717254569.0
451,zangguy,,,,,,,,,
452,urzhar,47.093,81.6294,60.62,69.0,1017.0,85.0,4.63,KZ,1717254658.0
453,talent,42.2457,-122.7887,58.77,62.0,1016.0,0.0,0.0,US,1717254658.0
454,jiangyou,31.7667,104.7167,69.73,72.0,1013.0,100.0,2.1,CN,1717254571.0
455,anar darah,32.7587,61.654,88.29,8.0,1006.0,0.0,28.12,AF,1717254659.0
456,yabelo,4.8833,38.0833,68.38,69.0,1013.0,86.0,3.49,ET,1717254659.0
457,macara,-4.3833,-79.95,83.46,49.0,1012.0,41.0,2.68,EC,1717254660.0
458,lodwar,3.1191,35.5973,94.59,31.0,1009.0,36.0,8.03,KE,1717254660.0
459,ghormach,35.7306,63.7826,84.7,12.0,1010.0,0.0,8.5,AF,1717254660.0
460,sutysky,49.0425,28.4173,79.29,57.0,1012.0,51.0,5.06,UA,1717254660.0
461,malabar,-33.9667,151.25,55.11,90.0,1017.0,75.0,25.32,AU,1717254661.0
462,yarrawonga,-36.0167,146.0,44.51,76.0,1024.0,5.0,6.76,AU,1717254661.0
463,borba,-4.3878,-59.5939,86.83,70.0,1014.0,8.0,0.56,BR,1717254661.0
464,piti village,13.4626,144.6933,81.48,83.0,1011.0,0.0,3.44,GU,1717254661.0
465,nago,26.5881,127.9761,72.45,92.0,1011.0,100.0,7.07,JP,1717254662.0
466,uyuni,-20.4597,-66.825,45.95,13.0,1024.0,72.0,10.89,BO,1717254662.0
467,acoua,-12.7239,45.0582,82.31,78.0,1015.0,78.0,4.94,YT,1717254662.0
468,windermere,54.3809,-2.9071,64.38,67.0,1028.0,79.0,5.17,GB,1717254635.0
469,mayya,61.7333,130.2811,58.32,42.0,1019.0,41.0,7.09,RU,1717254663.0
470,borogontsy,62.6683,131.1683,49.86,43.0,1020.0,55.0,6.76,RU,1717254663.0
471,radomir,42.5444,22.9578,80.04,61.0,1015.0,58.0,8.99,BG,1717254663.0
472,jwaneng,-24.6004,24.7303,75.6,18.0,1011.0,4.0,10.47,BW,1717254663.0
473,forest,37.3638,-79.2897,75.29,47.0,1024.0,0.0,3.44,US,1717254645.0
474,bel ombre,-4.6167,55.4167,84.04,74.0,1010.0,20.0,4.61,SC,1717254664.0
475,ahau,,,,,,,,,
476,kirensk,57.7853,108.1119,56.97,52.0,1019.0,94.0,5.01,RU,1717254665.0
477,tamanrasset,22.785,5.5228,98.51,8.0,1019.0,40.0,4.61,DZ,1717254665.0
478,la sarre,48.8002,-79.1996,66.47,55.0,1017.0,100.0,8.95,CA,1717254665.0
479,east london,-33.0153,27.9116,61.74,100.0,1019.0,75.0,2.3,ZA,1717254665.0
480,touros,-5.1989,-35.4608,85.19,67.0,1014.0,40.0,15.79,BR,1717254666.0
481,riachao das neves,-11.7461,-44.91,88.92,30.0,1017.0,0.0,9.66,BR,1717254666.0
482,vila franca do campo,37.7167,-25.4333,68.41,99.0,1017.0,53.0,9.17,PT,1717254549.0
483,koksan,38.7819,126.6664,51.26,87.0,1011.0,9.0,4.03,KP,1717254666.0
484,longido,-2.7333,36.6833,75.72,50.0,1014.0,20.0,10.6,TZ,1717254667.0
485,lyantor,61.6195,72.1555,49.75,49.0,1012.0,58.0,12.82,RU,1717254667.0
486,dunedin,-45.8742,170.5036,46.8,66.0,1020.0,1.0,11.01,NZ,1717254667.0
487,cavelossim,15.1726,73.9419,85.48,81.0,1007.0,37.0,9.06,IN,1717254667.0
488,wagar,16.1525,36.2032,107.98,9.0,1004.0,89.0,15.68,SD,1717254668.0
489,muisne,0.6,-80.0333,79.38,86.0,1011.0,100.0,8.1,EC,1717254668.0
490,callao,-12.0667,-77.15,69.42,82.0,1013.0,100.0,5.75,PE,1717254610.0
491,desaguadero,-16.5656,-69.0417,49.71,23.0,1021.0,30.0,1.92,PE,1717254668.0
492,coahuayana de hidalgo,18.7,-103.6583,85.95,52.0,1012.0,28.0,3.11,MX,1717254669.0
493,hailey,43.5196,-114.3153,56.8,48.0,1013.0,0.0,11.5,US,1717254669.0
494,hede,33.7681,120.2517,65.61,56.0,1015.0,100.0,6.26,CN,1717254669.0
495,peterhead,57.5058,-1.7981,64.45,81.0,1029.0,78.0,14.2,GB,1717254546.0
496,vila velha,-20.3297,-40.2925,73.35,83.0,1024.0,40.0,3.44,BR,1717254384.0
497,sarmiento,-45.5882,-69.07,41.65,56.0,1011.0,43.0,12.53,AR,1717254670.0
498,nikolayevsk-on-amure,53.1406,140.73,46.22,85.0,1007.0,95.0,7.0,RU,1717254670.0
499,roswell,34.0232,-84.3616,72.59,66.0,1022.0,75.0,16.11,US,1717254471.0
500,uzice,43.8586,19.8488,71.96,59.0,1014.0,95.0,13.58,RS,1717254671.0
501,pandan,14.0453,124.1694,81.75,85.0,1011.0,80.0,5.57,PH,1717254671.0
502,berezovo,63.9381,65.0419,42.49,62.0,1016.0,6.0,12.62,RU,1717254671.0
503,dompu,-8.5356,118.4622,75.51,95.0,1013.0,12.0,1.79,ID,1717254672.0
504,salekhard,66.53,66.6019,34.39,81.0,1012.0,69.0,8.01,RU,1717254672.0
505,micheweni,-4.9667,39.8333,80.1,81.0,1014.0,8.0,12.21,TZ,1717254672.0
506,jiuquan,39.7432,98.5174,66.25,25.0,1013.0,100.0,7.23,CN,1717254672.0
507,saint-felicien,48.6501,-72.4491,68.5,47.0,1018.0,22.0,6.53,CA,1717254673.0
508,deir ez-zor,35.3359,40.1408,92.19,17.0,1012.0,0.0,16.17,SY,1717254673.0
509,nadym,65.5333,72.5167,31.96,86.0,1009.0,99.0,19.89,RU,1717254416.0
510,mana,5.6592,-53.7767,81.88,82.0,1014.0,100.0,3.15,GF,1717254673.0
511,flin flon,54.7682,-101.865,44.44,65.0,999.0,75.0,12.66,CA,1717254674.0
512,saint-pierre,-21.3393,55.4781,74.88,64.0,1019.0,0.0,14.97,RE,1717254674.0
513,gustavia,17.8962,-62.8498,89.19,79.0,1016.0,74.0,13.4,BL,1717254431.0
514,khilok,51.3674,110.4676,48.47,86.0,1019.0,100.0,1.95,RU,1717254675.0
515,sishilichengzi,,,,,,,,,
516,hilo,19.7297,-155.09,70.25,98.0,1018.0,40.0,1.99,US,1717254675.0
517,roslavl',53.9528,32.8639,75.92,54.0,1015.0,96.0,2.73,RU,1717254413.0
518,fort st. john,56.2499,-120.8529,48.88,56.0,1008.0,98.0,1.79,CA,1717254676.0
519,faya-largeau,17.9257,19.1043,114.17,6.0,1006.0,18.0,11.63,TD,1717254676.0
520,mejit,10.2753,170.8646,82.18,82.0,1010.0,80.0,16.98,MH,1717254676.0
521,nizhnevartovsk,60.9344,76.5531,46.42,53.0,1014.0,0.0,8.95,RU,1717254677.0
522,santa ana,33.7456,-117.8678,62.89,87.0,1015.0,100.0,0.0,US,1717254677.0
523,dalandzadgad,43.5708,104.425,69.73,21.0,1013.0,100.0,9.78,MN,1717254488.0
524,laukaa,58.7372,29.8453,68.63,67.0,1015.0,72.0,11.41,RU,1717254677.0
525,arkhangel'sk,64.5401,40.5433,80.71,34.0,1017.0,40.0,6.71,RU,1717254390.0
526,tymovskoye,50.8456,142.655,48.52,74.0,1009.0,100.0,5.93,RU,1717254678.0
527,serang,-6.1149,106.1502,80.67,84.0,1013.0,100.0,2.46,ID,1717254678.0
528,san patricio,28.017,-97.5169,87.75,63.0,1013.0,28.0,9.26,US,1717254679.0
529,carbonear,47.7332,-53.2148,50.59,97.0,1014.0,100.0,9.1,CA,1717254679.0
530,sodankyla,67.4167,26.6,75.18,43.0,1014.0,82.0,7.27,FI,1717254679.0
531,nushki,29.5542,66.0215,90.46,6.0,1004.0,0.0,4.5,PK,1717254680.0
532,kapa'a,22.0752,-159.319,73.72,87.0,1019.0,75.0,16.11,US,1717254680.0
533,mangai,-4.05,19.5333,84.74,59.0,1010.0,100.0,2.89,CD,1717254680.0
534,murzuq,25.9155,13.9184,111.04,5.0,1005.0,43.0,16.08,LY,1717254680.0
535,geraldton,-28.7667,114.6,68.41,60.0,1010.0,100.0,21.85,AU,1717254681.0
536,beau vallon,-20.4189,57.6953,75.43,73.0,1020.0,40.0,11.5,MU,1717254681.0
537,bohodukhiv,50.1647,35.5276,72.99,58.0,1017.0,97.0,2.73,UA,1717254681.0
538,dazhong,33.1997,120.4578,63.57,66.0,1015.0,100.0,5.35,CN,1717254682.0
539,kangding,30.0513,101.9603,53.74,99.0,1017.0,95.0,4.61,CN,1717254682.0
540,khandyga,62.6667,135.6,44.98,40.0,1023.0,0.0,2.3,RU,1717254682.0
541,devinuwara,,,,,,,,,
542,cargados carajos,,,,,,,,,
543,choyr,46.3611,108.3611,62.73,34.0,1015.0,0.0,9.01,MN,1717254683.0
544,latakia,35.5148,35.7768,77.18,71.0,1017.0,0.0,3.15,SY,1717254683.0
545,san juan de miraflores,-12.1629,-76.9635,67.87,82.0,984.0,62.0,4.74,PE,1717254684.0
546,ijuw,,,,,,,,,
547,lubango,-14.9172,13.4925,68.14,20.0,1015.0,0.0,11.01,AO,1717254684.0
548,midleton,51.9153,-8.1805,69.58,66.0,1030.0,17.0,3.6,IE,1717254684.0
549,colonia general alfredo stroessner,-25.3667,-55.7,72.1,40.0,1019.0,78.0,8.63,PY,1717254685.0
550,al bawiti,28.3492,28.8659,101.01,11.0,1013.0,0.0,10.33,EG,1717254685.0
551,igrim,63.1906,64.4162,51.35,40.0,1015.0,3.0,9.82,RU,1717254685.0
552,mahajanga,-15.7167,46.3167,84.51,57.0,1015.0,97.0,11.3,MG,1717254435.0
553,roma,43.2128,-75.4557,72.95,43.0,1027.0,4.0,1.99,US,1717254686.0
554,okhotsk,59.3833,143.3,37.58,94.0,1019.0,100.0,9.55,RU,1717254686.0
555,gemena,3.25,19.7667,91.69,45.0,1008.0,96.0,2.08,CD,1717254686.0
556,whangarei,-35.7317,174.3239,49.71,87.0,1029.0,100.0,3.24,NZ,1717254687.0
557,kudahuvadhoo,2.6708,72.8944,83.62,84.0,1010.0,32.0,14.92,MV,1717254687.0
558,taltal,-25.4,-70.4833,68.41,62.0,1014.0,16.0,5.55,CL,1717254687.0
559,luchegorsk,46.4764,134.2569,52.59,93.0,1011.0,36.0,1.28,RU,1717254687.0
560,trujillo,-8.116,-79.03,60.76,94.0,1013.0,100.0,4.61,PE,1717254469.0
561,laem sing,12.4816,102.0738,81.82,81.0,1012.0,100.0,10.0,TH,1717254688.0
562,myskhako,44.6714,37.7433,73.18,59.0,1020.0,0.0,5.06,RU,1717254688.0
563,demba,-5.51,22.2667,83.16,58.0,1010.0,91.0,2.75,CD,1717254689.0
564,mossel bay,-34.1831,22.146,57.13,90.0,1020.0,99.0,30.04,ZA,1717254689.0
565,camarinas,43.1311,-9.1817,65.93,69.0,1018.0,4.0,30.58,ES,1717254689.0
566,minas de marcona,-15.2119,-75.1103,60.08,65.0,1013.0,29.0,12.3,PE,1717254689.0
567,toamasina,-18.1667,49.3833,73.35,85.0,1020.0,69.0,4.05,MG,1717254436.0
568,santa rita,-7.1139,-34.9781,86.67,70.0,1015.0,75.0,13.8,BR,1717254690.0
